{
 "GMLID_SO092422_3593_9527": {"envelope": [13.030325585973536,52.329993922812754,13.030422970083931,52.330053583670335],"tile": [0,0]},
 "GMLID_SO0158953_776_12462": {"envelope": [13.030426813849544,52.33145735974935,13.030526613617583,52.331518498516246],"tile": [0,0]},
 "GMLID_BUI142242_863_347": {"envelope": [13.030642013468391,52.33054073906582,13.032567631381259,52.33149168690133],"tile": [0,0]},
 "GMLID_2633647_39464_319": {"envelope": [13.033387788604214,52.33011870131765,13.034434216495363,52.33093914919971],"tile": [0,0]},
 "GMLID_BUI180021_673_14143": {"envelope": [13.033254337391371,52.33077334061923,13.0351779381295,52.331504678548264],"tile": [0,0]},
 "GMLID_BUI205585_1385_1373": {"envelope": [13.035241054336893,52.33038469014229,13.035369089308139,52.330682295001786],"tile": [0,0]},
 "GMLID_46150217_194492_1237": {"envelope": [13.032418025592563,52.3297903634305,13.035148331260043,52.331475159113914],"tile": [0,0]},
 "GMLID_BUI51891_765_738": {"envelope": [13.033546782983375,52.3310848856215,13.034057394876873,52.33132833038027],"tile": [0,0]},
 "GMLID_53596160_235206_887": {"envelope": [13.033499459807393,52.330781663973674,13.03489071692057,52.331339155698096],"tile": [0,0]},
 "GMLID_SO0200811_525_4986": {"envelope": [13.030426813849544,52.33145735974935,13.030526613617583,52.331518498516246],"tile": [0,0]},
 "GMLID_BUI184698_512_898": {"envelope": [13.032606465792425,52.32968413949727,13.033023237181041,52.32983562552506],"tile": [0,0]},
 "GMLID_0314272_32937_848": {"envelope": [13.031722111713417,52.33038922236009,13.033172718923879,52.33093565762457],"tile": [0,0]},
 "GMLID_BUI289877_1911_4122": {"envelope": [13.030872688099885,52.33068232492333,13.032677864782864,52.331353275300295],"tile": [0,0]},
 "GMLID_855011_330784_753": {"envelope": [13.034327535492436,52.330552823380124,13.034385173292474,52.33061968699285],"tile": [0,0]},
 "GMLID_0598627_75956_700": {"envelope": [13.031914294259165,52.330722317367,13.031958480784693,52.330736018284014],"tile": [0,0]},
 "GMLID_3313190_307178_612": {"envelope": [13.030898214196545,52.331224190352266,13.030933401880404,52.331250382565976],"tile": [0,0]},
 "GMLID_SO0321978_1466_7441": {"envelope": [13.030426813849544,52.33145735974935,13.030526613617583,52.331518498516246],"tile": [0,0]},
 "GMLID_SO0260143_1214_1315": {"envelope": [13.030426813849544,52.33145735974935,13.030526613617583,52.331518498516246],"tile": [0,0]},
 "GMLID_SO0400934_2926_3381": {"envelope": [13.030426813849544,52.33145735974935,13.030526613617583,52.331518498516246],"tile": [0,0]},
 "GMLID_SO0124800_3522_13577": {"envelope": [13.030426813849544,52.33145735974935,13.030526613617583,52.331518498516246],"tile": [0,0]},
 "GMLID_SO0443764_1492_9667": {"envelope": [13.030426813849544,52.33145735974935,13.030526613617583,52.331518498516246],"tile": [0,0]},
 "GMLID_SO015374_872_14131": {"envelope": [13.030426813849544,52.33145735974935,13.030526613617583,52.331518498516246],"tile": [0,0]},
 "GMLID_SO081792_2341_11961": {"envelope": [13.030426813849544,52.33145735974935,13.030526613617583,52.331518498516246],"tile": [0,0]},
 "GMLID_SO0283142_1335_8999": {"envelope": [13.030426813849544,52.33145735974935,13.030526613617583,52.331518498516246],"tile": [0,0]},
 "GMLID_SO0107241_3793_12555": {"envelope": [13.030426813849544,52.33145735974935,13.030526613617583,52.331518498516246],"tile": [0,0]},
 "GMLID_SO0286258_965_2893": {"envelope": [13.030426813849544,52.33145735974935,13.030526613617583,52.331518498516246],"tile": [0,0]},
 "GMLID_SO0410128_214_10515": {"envelope": [13.030426813849544,52.33145735974935,13.030526613617583,52.331518498516246],"tile": [0,0]},
 "GMLID_SO086970_1053_8814": {"envelope": [13.030426813849544,52.33145735974935,13.030526613617583,52.331518498516246],"tile": [0,0]},
 "GMLID_BUI46739_1739_10911": {"envelope": [13.034261803924117,52.33106980212639,13.034658846442342,52.33126052780664],"tile": [0,0]},
 "GMLID_18468614_329001_318": {"envelope": [13.030911564176384,52.32974919131868,13.034904398560252,52.33133914087747],"tile": [0,0]},
 "GMLID_7431654_78949_792": {"envelope": [13.03128621092027,52.3300670321061,13.031323249306261,52.330092369181784],"tile": [0,0]},
 "GMLID_0574825_29536_285": {"envelope": [13.032380776193765,52.33008487202396,13.032846991315248,52.33012366697503],"tile": [0,0]},
 "GMLID_0528986_170479_94": {"envelope": [13.033869221477001,52.3306124555133,13.034116263912733,52.33084551680675],"tile": [0,0]},
 "GMLID_10415082_319158_1266": {"envelope": [13.030700785960132,52.32990246207156,13.034902432165715,52.33064437797511],"tile": [0,0]},
 "GMLID_4323540_367099_910": {"envelope": [13.031471469465126,52.331311683775475,13.031505294890787,52.33133887079508],"tile": [0,0]},
 "GMLID_BUI100628_817_8083": {"envelope": [13.03227974370822,52.3310921266507,13.032763912397208,52.33130817290195],"tile": [0,0]},
 "GMLID_1381455_184173_656": {"envelope": [13.03426001579606,52.330341616396005,13.034479089747272,52.330475827512885],"tile": [0,0]},
 "GMLID_BUI336993_213_9312": {"envelope": [13.033381639848239,52.330704289713815,13.034934081661719,52.33136523278148],"tile": [0,0]},
 "GMLID_TIN436865_187531_1154": {"envelope": [13.030094283965619,52.329647777025585,13.035435568395208,52.33157239718179],"tile": [0,0]},
 "GMLID_21614432_375009_394": {"envelope": [13.030193160961442,52.32974572108581,13.035354045741467,52.33149040956066],"tile": [0,0]},
 "GMLID_55518178_9051_1323": {"envelope": [13.03338867557606,52.33085218911014,13.035134061785298,52.331478814305626],"tile": [0,0]},
 "GMLID_48290571_3377_526": {"envelope": [13.030911433566729,52.33076689738795,13.032548282640853,52.33132738913657],"tile": [0,0]},
 "GMLID_1429491_351612_1485": {"envelope": [13.03494200970614,52.32998973619897,13.03497704643077,52.330015880567714],"tile": [0,0]},
 "GMLID_5361967_192822_672": {"envelope": [13.031079010061665,52.330267537119205,13.031121817969522,52.330288906244796],"tile": [0,0]},
 "GMLID_2108434_31807_876": {"envelope": [13.034676651130818,52.330122672046684,13.034718823844365,52.33014469603073],"tile": [0,0]},
 "GMLID_0373494_301709_129": {"envelope": [13.030526575980254,52.330058036795094,13.030602614393025,52.33012266098067],"tile": [0,0]},
 "GMLID_6162422_289094_1279": {"envelope": [13.034395122580971,52.33008456875912,13.034424538750812,52.33011261721168],"tile": [0,0]},
 "GMLID_BUI30683_572_6686": {"envelope": [13.032941503639588,52.329850398130475,13.033853076273367,52.330224100916055],"tile": [0,0]},
 "GMLID_43172916_275975_492": {"envelope": [13.030689433776393,52.33061767252492,13.03243634890711,52.331461612552026],"tile": [0,0]},
 "GMLID_0632464_192141_968": {"envelope": [13.030288964906566,52.3296995539266,13.03342356935701,52.329963023228],"tile": [0,0]},
 "GMLID_BUI130363_1235_6047": {"envelope": [13.031738968935834,52.330664101549495,13.031963056566623,52.33080138324149],"tile": [0,0]}
}
